City_ID,City,Lat,Lng,Max Temp,Humidity,Cloudiness,Wind Speed,Country,Date
0,Bafq,31.6128,55.4107,46.47,46,0,1.72,IR,2021-01-16 02:04:17
1,Hilo,19.7297,-155.09,82.4,57,20,13.8,US,2021-01-16 02:00:11
2,Punta Arenas,-53.15,-70.9167,51.8,87,20,11.5,CL,2021-01-16 02:02:23
3,East London,-33.0153,27.9116,70.63,74,22,18.92,ZA,2021-01-16 01:59:41
4,Karratha,-20.7377,116.8463,94.91,49,40,13.15,AU,2021-01-16 02:04:17
5,Sosua,19.7667,-70.5167,71.6,94,40,5.82,DO,2021-01-16 02:04:17
6,Sobolevo,54.4299,31.8996,-9.44,90,63,5.59,RU,2021-01-16 02:04:18
7,Barrow,71.2906,-156.7887,-9.4,70,90,18.41,US,2021-01-16 01:59:40
8,Puerto Ayora,-0.7393,-90.3518,73.99,94,93,1.01,EC,2021-01-16 02:04:18
9,Atuona,-9.8,-139.0333,77.74,75,5,11.74,PF,2021-01-16 01:59:31
10,Port Alfred,-33.5906,26.891,66.99,85,12,5.99,ZA,2021-01-16 02:04:18
11,Khatanga,71.9667,102.5,-44.25,78,29,3.11,RU,2021-01-16 02:04:18
12,Popondetta,-8.7537,148.2534,81.93,88,100,4.14,PG,2021-01-16 02:04:19
13,Buala,-8.145,159.5921,86.29,64,99,7.92,SB,2021-01-16 02:04:19
14,Kloulklubed,7.0419,134.2556,80.6,89,90,8.05,PW,2021-01-16 02:04:19
15,Carnarvon,-24.8667,113.6333,84.2,84,0,10.36,AU,2021-01-16 02:04:19
16,Rikitea,-23.1203,-134.9692,79.63,67,0,7.96,PF,2021-01-16 01:59:36
17,Port Elizabeth,-33.918,25.5701,66.2,82,40,26.46,ZA,2021-01-16 02:04:20
18,Vaini,-21.2,-175.2,87.8,74,75,10.36,TO,2021-01-16 02:04:20
19,Meulaboh,4.1363,96.1285,80.64,76,28,5.12,ID,2021-01-16 02:04:20
20,Sao Filipe,14.8961,-24.4956,72.95,69,100,12.26,CV,2021-01-16 02:04:20
21,Saint-Augustin,51.226,-58.6502,21.63,94,0,6.8,CA,2021-01-16 02:04:21
22,Cidreira,-30.1811,-50.2056,76.73,83,38,20.94,BR,2021-01-16 02:04:21
23,Mataura,-46.1927,168.8643,73.0,63,0,8.99,NZ,2021-01-16 02:02:48
24,Vila Velha,-20.3297,-40.2925,77.0,83,40,4.61,BR,2021-01-16 02:01:47
25,Codrington,-38.2667,141.9667,59.63,70,100,16.26,AU,2021-01-16 02:04:21
26,Vanavara,60.34,102.2797,-42.05,77,0,3.27,RU,2021-01-16 02:01:13
27,Yellowknife,62.456,-114.3525,10.4,85,90,16.11,CA,2021-01-16 02:00:07
28,Butaritari,3.0707,172.7902,81.27,78,3,20.96,KI,2021-01-16 02:04:22
29,Ribeira Grande,38.5167,-28.7,61.2,84,28,6.49,PT,2021-01-16 01:59:35
30,Hithadhoo,-0.6,73.0833,81.82,77,81,15.1,MV,2021-01-16 02:04:22
31,Nuuk,64.1835,-51.7216,21.2,63,75,6.06,GL,2021-01-16 01:59:49
32,Qaanaaq,77.484,-69.3632,9.93,91,97,1.79,GL,2021-01-16 02:04:23
33,Cabo San Lucas,22.8909,-109.9124,71.6,18,1,6.91,MX,2021-01-16 02:04:23
34,Chernyshevskiy,63.0128,112.4714,-43.31,82,100,2.68,RU,2021-01-16 02:04:23
35,Skjervoy,70.0311,20.9714,40.21,75,100,25.5,NO,2021-01-16 02:04:23
36,Seymchan,62.8833,152.4333,-29.02,82,100,1.79,RU,2021-01-16 02:04:23
37,Mulchen,-37.7167,-72.2333,56.97,58,0,8.41,CL,2021-01-16 02:04:24
38,Tasiilaq,65.6145,-37.6368,32.0,93,75,17.27,GL,2021-01-16 02:04:24
39,Longyearbyen,78.2186,15.6401,15.8,86,75,9.22,SJ,2021-01-16 02:04:24
40,Tabas,33.5959,56.9244,32.0,25,0,5.08,IR,2021-01-16 02:04:24
41,Tucumcari,35.1717,-103.725,33.8,37,1,1.52,US,2021-01-16 02:04:24
42,Cherskiy,68.75,161.3,-20.69,87,99,4.18,RU,2021-01-16 02:04:25
43,Albany,42.6001,-73.9662,39.99,77,100,9.62,US,2021-01-16 02:04:03
44,Enshi,30.3,109.4833,46.99,51,100,5.41,CN,2021-01-16 02:04:25
45,Ilulissat,69.2167,-51.1,15.8,62,75,9.22,GL,2021-01-16 02:04:25
46,Paamiut,61.994,-49.6678,23.7,94,93,13.94,GL,2021-01-16 02:04:25
47,Tuktoyaktuk,69.4541,-133.0374,-13.0,77,90,16.11,CA,2021-01-16 02:04:26
48,Kahului,20.8947,-156.47,86.0,48,1,8.05,US,2021-01-16 02:00:04
49,Mahebourg,-20.4081,57.7,78.8,89,40,8.05,MU,2021-01-16 02:04:26
50,Mwingi,-0.9344,38.0601,63.05,92,0,2.64,KE,2021-01-16 02:04:26
51,Kodiak,57.79,-152.4072,35.6,87,90,3.15,US,2021-01-16 02:04:27
52,Bredasdorp,-34.5322,20.0403,62.6,77,0,8.05,ZA,2021-01-16 02:04:27
53,Isla Mujeres,21.2311,-86.731,73.99,83,40,9.22,MX,2021-01-16 02:04:27
54,Hermanus,-34.4187,19.2345,57.0,92,0,8.5,ZA,2021-01-16 02:04:27
55,Manono,-7.3,27.4167,64.71,96,95,2.37,CD,2021-01-16 02:04:27
56,Arraial Do Cabo,-22.9661,-42.0278,75.97,88,53,20.8,BR,2021-01-16 02:00:09
57,Ushuaia,-54.8,-68.3,59.0,58,40,3.44,AR,2021-01-16 02:01:08
58,Avarua,-21.2078,-159.775,86.0,70,20,10.36,CK,2021-01-16 02:04:28
59,Jamestown,42.097,-79.2353,36.0,93,90,11.5,US,2021-01-16 02:04:28
60,Victoria,22.2855,114.1577,66.0,52,79,1.01,HK,2021-01-16 02:02:46
61,Pevek,69.7008,170.3133,-9.08,86,100,3.96,RU,2021-01-16 02:04:29
62,Coihaique,-45.5752,-72.0662,53.6,82,20,6.91,CL,2021-01-16 02:04:29
63,Kapaa,22.0752,-159.319,78.01,83,90,8.05,US,2021-01-16 02:04:29
64,San Cristobal,7.7669,-72.225,65.98,89,89,1.28,VE,2021-01-16 02:04:29
65,Krasnogvardeyskiy,57.3793,62.3195,7.59,95,100,3.31,RU,2021-01-16 02:04:29
66,Vostok,46.4856,135.8833,0.7,88,97,4.32,RU,2021-01-16 02:04:30
67,Broome,42.2506,-75.833,39.99,93,90,13.8,US,2021-01-16 02:04:30
68,Surgut,61.25,73.4167,6.8,85,90,8.95,RU,2021-01-16 02:04:30
69,Gravdal,68.1214,13.5031,38.43,75,93,8.52,NO,2021-01-16 02:04:30
70,Busselton,-33.65,115.3333,73.99,52,0,8.01,AU,2021-01-16 01:59:38
71,Clyde River,70.4692,-68.5914,-0.4,92,90,3.44,CA,2021-01-16 02:04:31
72,Bluff,-46.6,168.3333,73.0,63,10,8.99,NZ,2021-01-16 02:04:31
73,Smirnykh,49.75,142.8333,-1.7,85,100,1.79,RU,2021-01-16 02:04:31
74,Avera,33.194,-82.5271,42.8,81,40,8.05,US,2021-01-16 02:04:31
75,Nikolskoye,59.7035,30.7861,1.0,78,20,2.24,RU,2021-01-16 02:04:31
76,Ust-Ilimsk,58.0006,102.6619,-31.61,83,37,2.17,RU,2021-01-16 02:04:32
77,Saint-Philippe,-21.3585,55.7679,77.0,78,20,4.61,RE,2021-01-16 01:59:37
78,Lazaro Cardenas,17.9583,-102.2,74.89,75,79,1.28,MX,2021-01-16 02:04:08
79,Varnavino,57.4035,45.0916,5.5,94,100,11.3,RU,2021-01-16 02:04:32
80,Hobart,-42.8794,147.3294,63.0,45,75,14.97,AU,2021-01-16 02:03:33
81,Acajutla,13.5928,-89.8275,78.13,75,43,4.56,SV,2021-01-16 02:04:32
82,Chapais,49.7834,-74.8492,26.6,80,90,10.36,CA,2021-01-16 02:02:46
83,Warmbad,-28.45,18.7333,64.15,57,0,10.47,NA,2021-01-16 02:04:33
84,Faanui,-16.4833,-151.75,81.72,74,40,11.83,PF,2021-01-16 02:04:33
85,Aswan,24.0934,32.907,49.68,50,0,4.72,EG,2021-01-16 02:04:33
86,Torbay,47.6666,-52.7314,30.99,100,90,29.93,CA,2021-01-16 02:03:22
87,Constantine,36.365,6.6147,41.0,87,75,6.91,DZ,2021-01-16 02:04:34
88,Norman Wells,65.282,-126.8329,3.2,85,90,3.44,CA,2021-01-16 02:04:34
89,Saldanha,-33.0117,17.9442,62.6,88,0,4.61,ZA,2021-01-16 02:04:34
90,Camacha,33.0833,-16.3333,59.0,72,40,6.91,PT,2021-01-16 02:04:34
91,Saint-Pierre,-21.3393,55.4781,77.0,78,20,4.61,RE,2021-01-16 02:04:35
92,Chokurdakh,70.6333,147.9167,-6.25,91,100,10.09,RU,2021-01-16 02:04:35
93,Komsomolskiy,40.4272,71.7189,32.0,69,0,4.61,UZ,2021-01-16 02:04:35
94,Mecca,21.4267,39.8261,69.17,64,0,3.69,SA,2021-01-16 02:04:32
95,Dikson,73.5069,80.5464,-30.66,79,96,5.17,RU,2021-01-16 02:04:35
96,Lagos,6.5833,3.75,78.8,89,20,2.3,NG,2021-01-16 02:04:08
97,Muisne,0.6,-80.0333,76.68,85,100,7.4,EC,2021-01-16 02:04:36
98,Mar Del Plata,-38.0023,-57.5575,71.01,83,0,5.75,AR,2021-01-16 02:01:31
99,Charters Towers,-20.1,146.2667,87.12,37,92,9.51,AU,2021-01-16 02:04:36
100,Urla,38.3229,26.764,32.0,93,0,1.14,TR,2021-01-16 02:04:36
101,Asadabad,34.7824,48.1185,34.32,89,61,2.01,IR,2021-01-16 02:04:36
102,Padang,-0.9492,100.3543,83.37,53,53,1.3,ID,2021-01-16 02:04:36
103,San Policarpo,12.1791,125.5072,83.16,79,3,4.56,PH,2021-01-16 02:04:37
104,Cape Town,-33.9258,18.4232,66.0,94,75,8.05,ZA,2021-01-16 02:04:37
105,Tiksi,71.6872,128.8694,-8.7,91,100,5.61,RU,2021-01-16 02:04:37
106,Arkhara,49.4212,130.0842,-17.91,86,7,2.89,RU,2021-01-16 02:04:37
107,Carutapera,-1.195,-46.02,77.59,82,82,6.73,BR,2021-01-16 02:04:38
108,Marystown,47.1666,-55.1483,32.54,90,100,29.37,CA,2021-01-16 02:04:38
109,Kodinsk,58.6881,99.1844,-24.32,84,91,2.66,RU,2021-01-16 02:04:38
110,Marzuq,14.4,46.4667,53.29,56,0,1.59,YE,2021-01-16 02:04:38
111,Riyadh,24.6877,46.7219,55.4,67,0,2.3,SA,2021-01-16 02:02:54
112,Lebu,-37.6167,-73.65,56.21,79,0,14.45,CL,2021-01-16 02:04:38
113,Airai,-8.9266,125.4092,69.33,93,100,2.42,TL,2021-01-16 02:04:39
114,Luderitz,-26.6481,15.1594,63.21,80,0,10.47,NA,2021-01-16 02:04:39
115,Saint George,37.1041,-113.5841,57.2,21,1,1.95,US,2021-01-16 02:00:07
116,Ostrovnoy,68.0531,39.5131,14.43,95,92,5.46,RU,2021-01-16 02:04:39
117,Mareeba,-17.0,145.4333,89.01,58,100,17.27,AU,2021-01-16 02:04:40
118,Inhambane,-23.865,35.3833,80.58,86,90,9.08,MZ,2021-01-16 02:04:40
119,Alugan,12.2188,125.4808,82.94,81,2,4.83,PH,2021-01-16 02:04:40
120,Ayan,56.45,138.1667,-11.36,75,0,1.43,RU,2021-01-16 02:04:40
121,North Bend,43.4065,-124.2243,55.99,100,90,4.61,US,2021-01-16 02:04:40
122,Thompson,55.7435,-97.8558,5.0,85,75,4.61,CA,2021-01-16 02:00:10
123,Ornskoldsvik,63.2909,18.7153,23.0,93,0,12.66,SE,2021-01-16 02:02:01
124,La Trinitaria,16.1167,-92.05,59.34,99,100,5.23,MX,2021-01-16 02:04:41
125,Santiago,-33.4569,-70.6483,73.4,35,0,13.8,CL,2021-01-16 02:00:14
126,Aragona,37.4008,13.6176,44.01,1,33,11.99,IT,2021-01-16 02:04:41
127,Kavieng,-2.5744,150.7967,75.7,90,100,7.49,PG,2021-01-16 02:04:41
128,Powell River,49.8496,-124.5361,42.8,100,40,2.3,CA,2021-01-16 02:04:42
129,Havoysund,70.9963,24.6622,35.6,87,75,5.75,NO,2021-01-16 02:04:42
130,Itarema,-2.9248,-39.9167,79.07,80,33,13.51,BR,2021-01-16 02:04:42
131,Taoudenni,22.6783,-3.9836,53.26,32,84,11.65,ML,2021-01-16 02:04:42
132,Oranjestad,12.524,-70.027,78.8,78,20,12.66,AW,2021-01-16 02:04:43
133,Campbell River,50.0163,-125.2446,44.01,93,40,3.44,CA,2021-01-16 02:04:18
134,Banda Aceh,5.5577,95.3222,77.9,86,100,7.92,ID,2021-01-16 02:04:43
135,Hasaki,35.7333,140.8333,55.4,71,20,8.05,JP,2021-01-16 02:04:43
136,Boyolangu,-8.1181,111.8935,82.44,68,100,4.5,ID,2021-01-16 02:04:43
137,Vao,-22.6667,167.4833,79.9,83,99,6.96,NC,2021-01-16 02:04:43
138,Tautira,-17.7333,-149.15,86.0,66,75,4.61,PF,2021-01-16 02:04:44
139,Luquillo,18.3725,-65.7166,77.0,83,20,3.44,PR,2021-01-16 02:04:44
140,Kiama,-34.6833,150.8667,75.0,42,0,5.99,AU,2021-01-16 02:02:02
141,Bambous Virieux,-20.3428,57.7575,79.0,89,40,8.05,MU,2021-01-16 02:04:44
142,Pisco,-13.7,-76.2167,69.8,83,0,16.11,PE,2021-01-16 02:04:44
143,Vila Franca Do Campo,37.7167,-25.4333,61.0,94,75,13.8,PT,2021-01-16 02:04:44
144,Kovdor,67.5662,30.4758,22.86,98,100,3.15,RU,2021-01-16 02:04:45
145,Awbari,26.5921,12.7805,43.95,57,0,4.52,LY,2021-01-16 02:04:45
146,Severo-Kurilsk,50.6789,156.125,28.83,92,75,12.97,RU,2021-01-16 02:04:45
147,Lappeenranta,61.0587,28.1887,0.0,86,50,1.01,FI,2021-01-16 02:04:45
148,Manzil Salim,35.8567,8.4765,39.2,87,75,2.3,TN,2021-01-16 02:04:45
149,Bethel,41.3712,-73.414,39.99,81,90,12.66,US,2021-01-16 02:04:46
150,Cayenne,4.9333,-52.3333,78.8,94,40,4.61,GF,2021-01-16 02:04:21
151,Christchurch,-43.5333,172.6333,68.0,77,90,20.71,NZ,2021-01-16 02:01:11
152,Garoua,9.3,13.4,68.88,24,77,0.49,CM,2021-01-16 02:04:46
153,College,64.8569,-147.8028,12.2,78,75,3.42,US,2021-01-16 02:04:46
154,Forest Grove,45.5198,-123.1107,50.0,93,75,3.44,US,2021-01-16 02:04:46
155,Whitehorse,60.7161,-135.0538,32.0,80,75,17.27,CA,2021-01-16 02:00:06
156,Angoche,-16.2325,39.9086,79.0,87,82,7.56,MZ,2021-01-16 02:04:47
157,Maceio,-9.6658,-35.7353,75.2,88,40,10.16,BR,2021-01-16 02:00:11
158,Maunabo,18.0072,-65.8993,77.0,100,3,8.84,PR,2021-01-16 02:04:47
159,Heide,54.2,9.1,28.99,81,28,1.01,DE,2021-01-16 02:04:47
160,Udachnyy,66.4167,112.4,-46.48,75,74,5.66,RU,2021-01-16 02:04:48
161,Namibe,-15.1961,12.1522,72.5,70,0,6.6,AO,2021-01-16 02:04:48
162,Najran,17.4924,44.1277,53.6,43,0,0.6,SA,2021-01-16 02:04:48
163,Yuancheng,36.652,107.7896,20.21,69,100,19.89,CN,2021-01-16 02:04:48
164,Aksarka,66.5606,67.7975,-5.1,92,100,3.98,RU,2021-01-16 02:04:48
165,Haines Junction,60.7522,-137.5108,24.8,86,56,3.49,CA,2021-01-16 02:04:49
166,Alexandria,31.2156,29.9553,50.0,87,40,6.91,EG,2021-01-16 02:04:49
167,Hami,42.8,93.45,11.64,76,0,3.31,CN,2021-01-16 02:04:49
168,Batemans Bay,-35.7167,150.1833,73.99,35,0,5.99,AU,2021-01-16 02:04:50
169,Borogontsy,62.6683,131.1683,-42.52,79,97,3.13,RU,2021-01-16 02:04:50
170,Calama,-22.4667,-68.9333,59.0,29,0,14.97,CL,2021-01-16 02:03:20
171,Maldonado,-34.6667,-54.9167,78.01,83,75,9.22,UY,2021-01-16 02:04:50
172,Baykit,61.67,96.37,-32.15,76,5,1.86,RU,2021-01-16 02:04:50
173,Acapulco,16.8634,-99.8901,78.8,78,75,2.35,MX,2021-01-16 02:00:15
174,Castro,-24.7911,-50.0119,63.41,96,41,7.76,BR,2021-01-16 02:04:51
175,Upernavik,72.7868,-56.1549,17.01,96,100,8.39,GL,2021-01-16 02:04:51
176,Biak,-0.9131,122.8766,81.91,74,100,1.57,ID,2021-01-16 02:04:51
177,Sechura,-5.5569,-80.8222,72.39,80,100,8.5,PE,2021-01-16 02:02:35
178,Provideniya,64.3833,-173.3,11.62,93,100,5.53,RU,2021-01-16 02:04:52
179,Kruisfontein,-34.0033,24.7314,64.99,89,90,18.1,ZA,2021-01-16 02:04:52
180,Lebanon,36.2081,-86.2911,39.0,87,90,8.05,US,2021-01-16 02:01:47
181,Hailey,43.5196,-114.3153,30.2,69,90,2.53,US,2021-01-16 02:00:47
182,San Angelo,31.4638,-100.437,42.01,56,1,6.91,US,2021-01-16 02:02:39
183,Shizunai,42.3339,142.3669,40.35,71,99,24.9,JP,2021-01-16 02:03:06
184,Sicamous,50.8331,-118.9856,33.8,75,7,2.3,CA,2021-01-16 02:00:07
185,Berlevag,70.8578,29.0864,36.68,82,100,24.34,NO,2021-01-16 02:04:53
186,Basoko,1.2391,23.616,71.51,81,0,4.16,CD,2021-01-16 02:02:30
187,Prince Rupert,54.3161,-130.3201,46.4,87,90,6.91,CA,2021-01-16 02:03:57
188,Kungur,57.4368,56.9593,12.7,95,100,11.14,RU,2021-01-16 02:04:53
189,Dawlatabad,36.4141,64.9053,43.65,58,54,1.77,AF,2021-01-16 02:04:53
190,Lompoc,34.6391,-120.4579,60.01,67,97,7.76,US,2021-01-16 02:04:54
191,Weinan,34.5036,109.5089,41.0,47,0,4.47,CN,2021-01-16 02:04:54
192,Chuy,-33.6971,-53.4616,74.48,83,100,14.38,UY,2021-01-16 02:04:54
193,Esperance,-33.8667,121.9,64.4,52,90,11.5,AU,2021-01-16 02:03:36
194,Dobryanka,58.4619,56.4165,8.6,92,0,4.47,RU,2021-01-16 02:04:54
195,Noumea,-22.2763,166.4572,84.99,79,75,3.44,NC,2021-01-16 02:04:55
196,Keti Bandar,24.1447,67.4497,61.14,27,0,9.17,PK,2021-01-16 02:04:55
197,Conde,-7.2597,-34.9075,77.0,83,20,3.44,BR,2021-01-16 02:04:55
198,Bilibino,68.0546,166.4372,-19.28,85,100,1.12,RU,2021-01-16 02:04:55
199,Chino Valley,34.7575,-112.4538,53.6,14,1,12.66,US,2021-01-16 02:04:55
200,Male,4.1748,73.5089,82.4,74,75,8.05,MV,2021-01-16 02:01:55
201,Tawang,27.5833,91.8667,40.26,70,36,1.05,IN,2021-01-16 02:04:56
202,Mayo,38.8876,-76.5119,46.99,100,90,8.05,US,2021-01-16 02:04:56
203,Darnah,32.767,22.6367,56.59,76,4,17.05,LY,2021-01-16 02:04:56
204,Pleasanton,37.6624,-121.8747,62.01,67,1,8.05,US,2021-01-16 02:03:32
205,Okhotsk,59.3833,143.3,-12.59,89,100,9.57,RU,2021-01-16 02:04:57
206,Arlit,18.7369,7.3853,65.62,26,20,3.09,NE,2021-01-16 02:04:57
207,Ancud,-41.8697,-73.8203,55.99,93,40,1.14,CL,2021-01-16 02:04:57
208,Biltine,14.5333,20.9167,63.86,29,0,11.39,TD,2021-01-16 02:04:57
209,Ilinskiy,55.619,38.1182,6.8,85,75,8.95,RU,2021-01-16 02:04:57
210,Jasper,37.2001,-94.3502,33.8,75,90,16.11,US,2021-01-16 02:04:58
211,Lata,40.1629,-8.3327,36.0,87,0,3.47,PT,2021-01-16 02:04:58
212,Alakurtti,66.9672,30.3491,20.52,97,100,3.6,RU,2021-01-16 02:04:58
213,Lima,-12.0432,-77.0282,69.8,83,0,11.5,PE,2021-01-16 02:04:58
214,Kutum,14.2,24.6667,48.52,48,0,4.76,SD,2021-01-16 02:04:58
215,Egvekinot,66.3167,-179.1667,-9.92,88,100,18.16,RU,2021-01-16 02:04:59
216,Bathsheba,13.2167,-59.5167,77.0,73,40,18.41,BB,2021-01-16 02:04:59
217,Anadyr,64.75,177.4833,-2.0,78,75,11.18,RU,2021-01-16 02:04:59
218,Kantang,7.4054,99.5156,82.99,83,20,5.75,TH,2021-01-16 02:04:59
219,Georgetown,5.4112,100.3354,82.4,88,20,4.61,MY,2021-01-16 02:04:11
220,Leningradskiy,69.3833,178.4167,-13.0,88,100,7.43,RU,2021-01-16 02:05:00
221,Suwannaphum,15.6035,103.8021,72.0,82,0,3.44,TH,2021-01-16 02:05:00
222,Maketu,-37.7667,176.45,77.0,62,1,1.99,NZ,2021-01-16 02:05:00
223,Guaruja,-23.9931,-46.2564,79.0,26,100,4.68,BR,2021-01-16 02:04:27
224,Jalu,29.0331,21.5482,48.97,63,0,5.79,LY,2021-01-16 02:05:00
225,Wysokie Mazowieckie,52.9166,22.5171,12.0,85,88,7.38,PL,2021-01-16 02:05:00
226,San Agustin,20.5333,-103.4667,69.8,12,40,1.07,MX,2021-01-16 02:05:01
227,Tobol,52.6844,62.5794,12.85,94,100,9.19,KZ,2021-01-16 02:05:01
228,Tombouctou,20.0,-3.0,55.69,31,82,12.95,ML,2021-01-16 02:05:01
229,Port Hardy,50.6996,-127.4199,46.4,100,75,11.45,CA,2021-01-16 02:05:01
230,Lloydminster,53.2835,-110.0016,23.0,68,1,12.66,CA,2021-01-16 02:05:02
231,Gushikawa,26.3544,127.8686,71.6,88,1,11.5,JP,2021-01-16 02:05:02
232,Tabory,58.5198,64.5495,7.18,96,100,2.53,RU,2021-01-16 02:05:02
233,Atasu,48.6814,71.6433,10.04,82,92,13.49,KZ,2021-01-16 02:05:03
234,Amahai,-3.3333,128.9167,87.76,61,71,1.72,ID,2021-01-16 02:05:03
235,Humaita,-7.5061,-63.0208,74.1,96,85,1.59,BR,2021-01-16 02:05:03
236,Tonj,7.2737,28.6822,68.23,25,79,5.39,SS,2021-01-16 02:05:03
237,Northam,51.0333,-4.2167,46.99,95,100,18.01,GB,2021-01-16 02:05:03
238,Luena,-11.7833,19.9167,61.38,92,99,2.44,AO,2021-01-16 02:05:04
239,Beringovskiy,63.05,179.3167,-9.8,89,66,11.68,RU,2021-01-16 02:05:04
240,Druzhba,52.0428,33.9453,3.83,93,100,11.88,UA,2021-01-16 02:05:04
241,Klaksvik,62.2266,-6.589,42.8,87,75,32.21,FO,2021-01-16 02:05:04
242,Batagay,67.6333,134.6333,-36.38,81,99,1.54,RU,2021-01-16 02:05:04
243,Salvacion,7.9833,126.1333,81.21,85,100,2.42,PH,2021-01-16 02:05:05
244,Praia Da Vitoria,38.7333,-27.0667,59.0,88,20,9.71,PT,2021-01-16 02:05:05
245,Puerto Ayacucho,5.6639,-67.6236,77.05,77,20,5.79,VE,2021-01-16 02:05:05
246,Beloha,-25.1667,45.05,74.43,92,38,3.2,MG,2021-01-16 02:05:05
247,Itupiranga,-5.1347,-49.3267,73.8,94,100,1.99,BR,2021-01-16 02:05:06
248,Saskylakh,71.9167,114.0833,-19.41,86,100,14.65,RU,2021-01-16 02:05:06
249,Lavrentiya,65.5833,-171.0,-4.02,88,100,11.34,RU,2021-01-16 02:05:06
250,Beitbridge,-22.2167,30.0,75.33,82,100,7.96,ZW,2021-01-16 02:05:06
251,Ushtobe,45.2514,77.9838,12.15,73,0,9.57,KZ,2021-01-16 02:05:06
252,Crystal Beach,42.8699,-79.0583,39.2,87,100,10.36,CA,2021-01-16 02:05:07
253,San Rafael,-34.6177,-68.3301,77.86,42,0,3.18,AR,2021-01-16 02:05:07
254,Shingu,33.7333,135.9833,60.8,59,75,4.61,JP,2021-01-16 02:05:07
255,Wencheng,33.0559,113.7978,36.21,79,100,6.33,CN,2021-01-16 02:05:07
256,Narsaq,60.9167,-46.05,23.0,50,90,3.44,GL,2021-01-16 02:05:07
257,Mokshan,53.4365,44.6132,12.76,97,100,4.47,RU,2021-01-16 02:05:08
258,Pangnirtung,66.1451,-65.7125,3.15,89,100,2.98,CA,2021-01-16 02:05:08
259,Port Keats,-14.25,129.55,92.59,58,76,3.98,AU,2021-01-16 02:05:08
260,Naze,28.3667,129.4833,66.2,72,20,4.61,JP,2021-01-16 02:05:08
261,Aktash,50.3,87.7333,-4.5,77,96,5.21,RU,2021-01-16 02:05:08
262,Santa Maria,-29.6842,-53.8069,80.6,78,20,6.91,BR,2021-01-16 02:02:01
263,Cascavel,-24.9558,-53.4553,67.69,99,7,7.23,BR,2021-01-16 02:05:09
264,New Norfolk,-42.7826,147.0587,63.0,59,75,5.99,AU,2021-01-16 02:05:09
265,Alofi,-19.0595,-169.9187,87.8,62,75,9.22,NU,2021-01-16 02:05:09
266,Sarangani,5.4033,125.4636,84.15,71,50,7.49,PH,2021-01-16 02:05:09
267,Usman,52.0466,39.7288,17.6,93,75,4.47,RU,2021-01-16 02:05:10
268,Palmer,42.1584,-72.3287,39.2,65,90,9.22,US,2021-01-16 02:05:10
269,Nishihara,26.1842,127.7558,71.6,53,75,11.5,JP,2021-01-16 02:05:10
270,Bandrele,-12.9067,45.1914,77.0,88,0,4.61,YT,2021-01-16 02:05:10
271,Langres,47.8333,5.3333,28.4,86,90,4.61,FR,2021-01-16 02:05:11
272,Graham,47.0529,-122.2943,46.99,100,20,0.83,US,2021-01-16 02:03:03
273,Marienburg,54.0359,19.0266,26.01,100,94,1.32,PL,2021-01-16 02:05:11
274,Vestmannaeyjar,63.4427,-20.2734,41.72,84,100,16.91,IS,2021-01-16 02:05:11
275,Dolinsk,47.35,142.8,10.4,85,75,20.13,RU,2021-01-16 02:05:11
276,Mehamn,71.0357,27.8492,36.81,81,94,21.39,NO,2021-01-16 02:05:12
277,Atherton,53.5237,-2.4935,37.99,82,100,8.99,GB,2021-01-16 02:01:14
278,Aktas,49.7789,72.9608,15.8,48,0,29.08,KZ,2021-01-16 02:05:12
279,Nyurba,63.2842,118.3319,-38.54,81,100,3.2,RU,2021-01-16 02:05:12
280,Tual,-5.6667,132.75,83.61,76,68,10.87,ID,2021-01-16 02:05:12
281,Willowmore,-33.2926,23.4895,63.75,67,97,6.17,ZA,2021-01-16 02:05:13
282,Springdale,36.1867,-94.1288,32.0,100,90,16.11,US,2021-01-16 02:00:55
283,Dunedin,-45.8742,170.5036,64.99,82,33,17.0,NZ,2021-01-16 02:01:18
284,Zhigansk,66.7697,123.3711,-35.37,80,100,1.9,RU,2021-01-16 02:05:13
285,Rameswaram,9.2833,79.3,79.47,83,93,15.32,IN,2021-01-16 02:05:13
286,Tigzirt,36.8886,4.1198,49.57,80,100,7.16,DZ,2021-01-16 02:05:13
287,Gorin,51.1983,136.6669,-11.18,84,32,2.82,RU,2021-01-16 02:05:14
288,Atambua,-9.1061,124.8925,80.15,79,62,2.75,ID,2021-01-16 02:05:14
289,Sumbe,-11.2061,13.8437,73.17,83,57,7.72,AO,2021-01-16 02:05:14
290,Weligama,5.9667,80.4167,76.55,77,100,2.19,LK,2021-01-16 02:05:15
291,Paka,4.6374,103.4368,75.2,94,20,3.44,MY,2021-01-16 02:05:15
292,Nanortalik,60.1432,-45.2371,28.67,96,100,9.13,GL,2021-01-16 02:05:15
293,Tabatinga,-4.2525,-69.9381,75.2,100,75,8.05,BR,2021-01-16 02:05:15
294,Nueva Gorgona,8.55,-79.8667,82.0,98,98,9.66,PA,2021-01-16 02:05:15
295,Bayburt,40.2589,40.2278,26.82,96,100,1.34,TR,2021-01-16 02:05:16
296,Ternate,0.8,127.4,81.99,79,67,16.2,ID,2021-01-16 02:05:16
297,Dolores,-36.3132,-57.6792,68.92,90,2,9.37,AR,2021-01-16 02:05:16
298,Bandarbeyla,9.4942,50.8122,73.15,80,24,13.65,SO,2021-01-16 02:05:16
299,Puerto Carreno,6.189,-67.4859,79.48,68,85,11.54,CO,2021-01-16 02:05:17
300,Adrar,20.5022,-10.0711,59.27,26,100,12.17,MR,2021-01-16 02:05:17
301,Mago,53.2514,140.1822,-13.67,87,71,2.04,RU,2021-01-16 02:05:17
302,Manggar,-2.8833,108.2667,82.31,74,99,5.21,ID,2021-01-16 02:05:17
303,Miracatu,-24.2814,-47.4597,72.68,94,100,0.31,BR,2021-01-16 02:05:17
304,Pacific Grove,36.6177,-121.9166,64.4,48,1,3.44,US,2021-01-16 02:05:18
305,Emba,48.8264,58.1442,21.15,95,100,7.0,KZ,2021-01-16 02:05:18
306,Ahipara,-35.1667,173.1667,72.41,50,16,5.82,NZ,2021-01-16 02:05:18
307,Tuatapere,-46.1333,167.6833,73.0,63,3,8.99,NZ,2021-01-16 02:05:18
308,Cairns,-16.9167,145.7667,89.01,58,100,17.27,AU,2021-01-16 02:05:18
309,Ayagoz,47.9714,80.4392,-0.36,78,0,10.65,KZ,2021-01-16 02:05:19
310,Bonfim,3.0833,-59.95,78.37,74,8,9.15,BR,2021-01-16 02:05:19
311,Ulaangom,49.9811,92.0667,-16.96,86,92,0.36,MN,2021-01-16 02:05:19
312,Neusiedl Am See,47.9357,16.8325,30.2,74,20,17.27,AT,2021-01-16 02:05:20
313,Kasangulu,-4.5911,15.1708,75.2,83,40,4.23,CD,2021-01-16 02:05:20
314,West Bay,19.3667,-81.4167,79.0,83,20,3.44,KY,2021-01-16 02:04:58
315,Quelimane,-17.8786,36.8883,77.0,94,75,2.3,MZ,2021-01-16 02:05:20
316,Gulf Gate Estates,27.2517,-82.5147,64.0,88,90,9.22,US,2021-01-16 02:05:20
317,Awjilah,29.1081,21.2869,49.98,60,0,7.0,LY,2021-01-16 02:05:21
318,Beira,-19.8436,34.8389,77.0,94,75,3.44,MZ,2021-01-16 02:05:21
319,Ponta Delgada,37.7333,-25.6667,61.0,94,75,13.8,PT,2021-01-16 02:05:21
320,Goderich,43.7501,-81.7165,35.6,87,100,10.36,CA,2021-01-16 02:05:22
321,Nakhon Phanom,17.3333,104.4167,72.0,94,40,3.44,TH,2021-01-16 02:05:22
322,Champerico,14.3,-91.9167,66.0,94,99,7.16,GT,2021-01-16 02:05:22
323,Yulara,-25.2406,130.9889,64.4,77,90,10.36,AU,2021-01-16 02:01:14
324,Yar-Sale,66.8333,70.8333,-1.97,93,100,5.1,RU,2021-01-16 02:05:23
325,Katsuura,35.1333,140.3,62.01,51,0,11.99,JP,2021-01-16 02:05:23
326,Aguimes,27.9054,-15.4461,62.6,55,75,11.5,ES,2021-01-16 02:05:23
327,Sitka,57.0531,-135.33,42.8,87,90,6.91,US,2021-01-16 02:05:23
328,Puerto Baquerizo Moreno,-0.9,-89.6,74.77,89,100,9.73,EC,2021-01-16 02:05:23
329,Sfantu Gheorghe,45.8667,25.7833,24.01,90,100,2.75,RO,2021-01-16 02:05:15
330,Severomuysk,56.1481,113.4267,-27.17,87,100,3.51,RU,2021-01-16 02:05:24
331,Viedma,-40.8135,-62.9967,63.0,84,25,12.44,AR,2021-01-16 02:05:24
332,Larsnes,62.2028,5.5773,27.0,84,0,1.99,NO,2021-01-16 02:05:24
333,Killybegs,54.6333,-8.45,45.0,93,100,11.01,IE,2021-01-16 02:05:24
334,Gumrak,48.7826,44.3824,14.0,85,75,13.42,RU,2021-01-16 02:05:25
335,Nouadhibou,20.931,-17.0347,60.8,48,0,21.85,MR,2021-01-16 02:05:25
336,State College,40.7934,-77.86,41.0,93,90,4.61,US,2021-01-16 02:01:22
337,Gamba,-2.65,10.0,76.86,86,100,7.45,GA,2021-01-16 02:05:25
338,Den Helder,52.9599,4.7593,36.0,87,90,4.61,NL,2021-01-16 02:05:25
339,Xichang,27.8964,102.2634,50.0,60,100,0.49,CN,2021-01-16 02:05:14
340,Lodwar,3.1191,35.5973,80.04,46,0,6.38,KE,2021-01-16 02:05:26
341,Camocim,-2.9022,-40.8411,77.54,85,17,9.73,BR,2021-01-16 02:05:26
342,Sambava,-14.2667,50.1667,77.52,87,56,7.05,MG,2021-01-16 02:05:26
343,Piacabucu,-10.4056,-36.4344,77.31,79,75,10.09,BR,2021-01-16 02:05:26
344,Maarianhamina,60.0973,19.9348,33.8,93,90,8.05,AX,2021-01-16 02:05:26
345,Aksu,41.1231,80.2644,16.12,82,0,5.61,CN,2021-01-16 02:05:27
346,Misratah,32.3754,15.0925,56.23,70,17,18.77,LY,2021-01-16 02:05:27
347,Los Llanos De Aridane,28.6585,-17.9182,62.6,59,75,11.5,ES,2021-01-16 02:05:27
348,Eureka,40.8021,-124.1637,55.0,89,59,1.01,US,2021-01-16 02:05:27
349,Ixtapa,20.7,-105.2,70.0,94,90,1.59,MX,2021-01-16 02:05:27
350,Margate,51.3813,1.3862,35.01,75,100,1.99,GB,2021-01-16 02:05:28
351,Dongkan,33.9997,119.8308,35.08,77,0,12.06,CN,2021-01-16 02:05:28
352,Kaitangata,-46.2817,169.8464,66.99,78,15,8.99,NZ,2021-01-16 02:05:28
353,Port Lincoln,-34.7333,135.8667,62.91,53,23,12.59,AU,2021-01-16 02:05:28
354,Bengkulu,-3.8004,102.2655,81.77,64,93,2.53,ID,2021-01-16 02:05:29
355,Bima,-8.4667,118.7167,77.92,81,100,0.69,ID,2021-01-16 02:05:29
356,Placido De Castro,-10.3353,-67.1856,73.42,90,100,1.88,BR,2021-01-16 02:05:29
357,Deputatskiy,69.3,139.9,-20.49,89,100,1.97,RU,2021-01-16 02:05:29
358,Roebourne,-20.7833,117.1333,94.24,50,47,11.25,AU,2021-01-16 02:05:29
359,Oyo,7.85,3.9333,73.45,79,2,3.09,NG,2021-01-16 02:05:30
360,Nantucket,41.2835,-70.0995,41.0,81,1,5.75,US,2021-01-16 02:04:57
361,San Patricio,28.017,-97.5169,51.8,57,1,5.75,US,2021-01-16 02:05:30
362,Davila,18.4726,120.5763,78.8,61,20,4.61,PH,2021-01-16 02:05:30
363,Houma,29.5958,-90.7195,48.99,61,1,9.22,US,2021-01-16 02:05:30
364,Yakeshi,49.2833,120.7333,-7.76,89,100,14.07,CN,2021-01-16 02:05:31
365,Suntar,62.1444,117.6319,-34.06,83,100,4.09,RU,2021-01-16 02:05:31
366,Samarai,-10.6167,150.6667,86.63,69,96,13.65,PG,2021-01-16 02:05:31
367,Knysna,-34.0363,23.0471,62.6,88,0,6.91,ZA,2021-01-16 02:05:31
368,Shelburne,44.0787,-80.2041,36.0,97,100,14.23,CA,2021-01-16 02:05:31
369,Tecoanapa,16.5167,-98.75,77.77,76,100,3.53,MX,2021-01-16 02:05:31
370,Makueni,-1.8041,37.6203,60.8,90,0,3.31,KE,2021-01-16 02:05:32
371,Grand Gaube,-20.0064,57.6608,79.0,86,12,5.01,MU,2021-01-16 02:05:32
372,Henties Bay,-22.116,14.2845,71.01,80,64,4.16,NA,2021-01-16 02:05:32
373,Villa Del Rosario,7.8339,-72.4742,72.0,83,76,1.57,CO,2021-01-16 02:05:32
374,Fairbanks,64.8378,-147.7164,12.2,79,75,3.38,US,2021-01-16 02:05:32
375,Elizabeth City,36.2946,-76.2511,54.0,82,40,5.75,US,2021-01-16 02:05:33
376,Chimbote,-9.0853,-78.5783,70.7,80,99,5.73,PE,2021-01-16 02:05:33
377,Homer,59.6425,-151.5483,35.01,86,1,5.75,US,2021-01-16 02:05:33
378,Coihueco,-36.6167,-71.8333,69.8,40,0,12.66,CL,2021-01-16 02:01:55
379,Darab,28.7519,54.5444,47.26,42,0,1.66,IR,2021-01-16 02:05:33
380,Coari,-4.085,-63.1414,75.02,97,77,2.42,BR,2021-01-16 02:05:33
381,Kemise,10.7167,39.8667,61.0,50,5,2.42,ET,2021-01-16 02:05:34
382,Opuwo,-18.0607,13.84,61.18,78,0,2.21,NA,2021-01-16 02:05:34
383,Fortuna,40.5982,-124.1573,55.0,94,20,8.05,US,2021-01-16 02:05:34
384,Iqaluit,63.7506,-68.5145,15.8,79,90,13.8,CA,2021-01-16 02:05:34
385,Tsaratanana,-16.7833,47.65,74.48,83,64,3.27,MG,2021-01-16 02:05:35
386,Souillac,-20.5167,57.5167,78.8,89,40,8.05,MU,2021-01-16 02:01:09
387,Ponta Do Sol,32.6667,-17.1,52.0,75,18,1.99,PT,2021-01-16 02:05:35
388,Requena,39.4883,-1.1004,46.0,57,0,8.05,ES,2021-01-16 02:05:35
389,Makariv,50.4641,29.8113,10.99,78,62,4.47,UA,2021-01-16 02:05:35
390,Lamas,-6.4167,-76.5333,84.2,61,20,8.05,PE,2021-01-16 02:05:35
391,Hanko,59.8333,22.95,21.99,88,100,11.01,FI,2021-01-16 02:05:36
392,Guerrero Negro,27.9769,-114.0611,67.46,31,0,6.4,MX,2021-01-16 02:05:36
393,Grindavik,63.8424,-22.4338,35.6,100,90,10.36,IS,2021-01-16 02:05:36
394,Port Hedland,-20.3167,118.5667,96.8,32,77,12.66,AU,2021-01-16 02:05:36
395,Kirakira,-10.4544,161.9205,80.58,81,100,5.14,SB,2021-01-16 02:05:36
396,Riwaka,-41.0833,173.0,77.0,65,1,4.0,NZ,2021-01-16 02:05:37
397,Celestun,20.8667,-90.4,72.14,76,100,11.32,MX,2021-01-16 02:05:37
398,Pitimbu,-7.4706,-34.8086,77.0,83,20,3.44,BR,2021-01-16 02:05:37
399,Tsivilsk,55.8611,47.4664,14.0,92,90,8.95,RU,2021-01-16 02:05:37
400,Berbera,10.4396,45.0143,72.34,77,77,4.27,SO,2021-01-16 02:01:46
401,Lasalgaon,20.15,74.2333,67.1,62,76,6.62,IN,2021-01-16 02:05:38
402,Bonthe,7.5264,-12.505,77.04,88,0,3.33,SL,2021-01-16 02:05:38
403,Pimentel,-6.8367,-79.9342,70.39,82,100,7.54,PE,2021-01-16 02:05:38
404,Daru,-9.0763,143.2092,83.35,83,97,12.15,PG,2021-01-16 02:04:31
405,Jijiga,9.35,42.8,59.65,33,44,8.52,ET,2021-01-16 02:05:38
406,Trairi,-3.2778,-39.2689,78.98,81,12,10.71,BR,2021-01-16 02:05:39
407,Plettenberg Bay,-34.0527,23.3716,66.45,76,57,9.46,ZA,2021-01-16 02:05:39
408,Kirensk,57.7853,108.1119,-25.44,82,100,3.85,RU,2021-01-16 02:05:39
409,Kavaratti,10.5669,72.642,81.91,74,93,7.7,IN,2021-01-16 02:05:39
410,Yuci,37.6803,112.7319,26.6,33,0,8.95,CN,2021-01-16 02:05:39
411,Hualmay,-11.0964,-77.6139,70.25,84,100,3.83,PE,2021-01-16 02:05:40
412,Morrope,-6.5417,-80.0111,72.91,74,100,8.12,PE,2021-01-16 02:05:40
413,Catu,-12.3531,-38.3789,77.0,88,75,2.3,BR,2021-01-16 02:00:41
414,Araouane,18.9048,-3.5265,59.36,27,73,15.05,ML,2021-01-16 02:05:40
415,Nemuro,43.3236,145.575,33.8,100,75,4.61,JP,2021-01-16 02:05:40
416,Labuhan,-6.8844,112.2051,80.76,78,99,4.88,ID,2021-01-16 02:05:40
417,Yeppoon,-23.1333,150.7333,91.4,40,26,6.91,AU,2021-01-16 02:05:41
418,Salalah,17.0151,54.0924,73.4,17,0,11.5,OM,2021-01-16 02:03:47
419,Port Blair,11.6667,92.75,79.18,72,11,11.61,IN,2021-01-16 02:05:41
420,Mundo Nuevo,18.7,-95.5,72.09,82,100,16.84,MX,2021-01-16 02:05:41
421,San Quintin,30.4833,-115.95,65.97,37,0,1.23,MX,2021-01-16 02:05:41
422,North Vanlaiphai,23.1333,93.0667,47.86,76,9,1.7,IN,2021-01-16 02:05:41
423,Saint Anthony,45.0205,-93.218,35.01,93,90,10.36,US,2021-01-16 02:05:42
424,Yubari,43.0378,141.9578,42.8,61,20,28.77,JP,2021-01-16 02:05:42
425,Virginia Beach,36.8529,-75.978,53.01,71,90,5.1,US,2021-01-16 02:04:24
426,Ko Samui,9.5357,99.9357,80.6,74,20,5.75,TH,2021-01-16 02:05:42
427,Umm Kaddadah,13.6017,26.6876,58.32,34,0,12.93,SD,2021-01-16 02:05:42
428,Vardo,70.3705,31.1107,34.45,95,100,16.31,NO,2021-01-16 02:05:43
429,Coro,11.4045,-69.6734,75.49,85,83,11.68,VE,2021-01-16 02:05:43
430,Geraldton,-28.7667,114.6,91.4,31,0,32.21,AU,2021-01-16 02:05:43
431,Saurimo,-9.6608,20.3916,62.98,96,100,2.62,AO,2021-01-16 02:05:43
432,Tilichiki,60.4667,166.1,-24.14,85,0,5.26,RU,2021-01-16 02:05:44
433,Saint-Francois,46.4154,3.9054,32.0,69,90,5.75,FR,2021-01-16 02:05:44
434,Sao Joao Batista,-27.2761,-48.8494,78.01,98,53,1.39,BR,2021-01-16 02:05:44
435,Namatanai,-3.6667,152.4333,83.59,74,100,7.07,PG,2021-01-16 02:05:44
436,Managua,12.1328,-86.2504,78.8,78,20,4.61,NI,2021-01-16 02:05:44
437,Birjand,32.8663,59.2211,28.4,24,0,4.61,IR,2021-01-16 02:05:45
438,Lianran,24.9227,102.485,46.0,93,75,4.47,CN,2021-01-16 02:05:45
439,Bogande,12.9714,-0.1436,67.12,23,70,7.67,BF,2021-01-16 02:05:45
440,Urumqi,43.801,87.6005,-11.2,77,20,2.24,CN,2021-01-16 02:02:07
441,Auki,-8.7676,160.7034,83.32,77,100,6.15,SB,2021-01-16 02:05:46
442,Olafsvik,64.8945,-23.7142,34.92,94,100,16.49,IS,2021-01-16 02:05:46
443,Amazar,53.858,120.875,-14.89,82,100,2.59,RU,2021-01-16 02:05:46
444,Vaitape,-16.5167,-151.75,81.61,75,0,13.6,PF,2021-01-16 02:05:46
445,Novopokrovka,49.8425,36.5477,8.01,85,75,8.95,UA,2021-01-16 02:05:47
446,Tuma,55.148,40.5537,8.01,79,100,5.01,RU,2021-01-16 02:05:47
447,Gallup,35.5281,-108.7426,39.99,22,1,6.91,US,2021-01-16 02:05:47
448,Richards Bay,-28.783,32.0377,79.41,77,15,9.17,ZA,2021-01-16 02:05:47
449,La Ronge,55.1001,-105.2842,19.4,79,84,6.91,CA,2021-01-16 02:05:48
450,Ormstown,45.1334,-73.9992,33.01,86,100,8.05,CA,2021-01-16 02:05:48
451,Curuca,-0.7289,-47.8481,74.48,88,0,4.7,BR,2021-01-16 02:05:48
452,Half Moon Bay,37.4636,-122.4286,62.01,67,1,8.05,US,2021-01-16 02:03:39
453,Tezu,27.9167,96.1667,65.01,47,54,0.65,IN,2021-01-16 02:05:48
454,Dehloran,32.6941,47.2679,55.4,41,0,5.41,IR,2021-01-16 02:05:48
455,Las Vegas,36.175,-115.1372,60.8,20,1,3.44,US,2021-01-16 02:02:16
456,Alekseyevsk,57.8406,108.3492,-25.51,81,100,4.74,RU,2021-01-16 02:05:49
457,Naberera,-4.2,36.9333,61.05,98,44,1.03,TZ,2021-01-16 02:05:49
458,Dali,25.7,100.1833,47.91,57,100,1.59,CN,2021-01-16 02:05:49
459,Katherine,-14.4667,132.2667,89.6,58,100,6.91,AU,2021-01-16 02:05:49
460,Rodniki,57.1051,41.7305,9.23,95,100,10.83,RU,2021-01-16 02:05:50
461,Owando,-0.4819,15.8999,71.82,82,69,2.1,CG,2021-01-16 02:05:50
462,Wete,-5.0559,39.7294,76.96,87,33,6.73,TZ,2021-01-16 02:05:50
463,Road Town,18.4167,-64.6167,77.0,88,20,5.75,VG,2021-01-16 02:02:15
464,Kendari,-3.945,122.4989,82.26,79,100,2.62,ID,2021-01-16 02:05:50
465,Lingao,19.9103,109.6859,68.58,82,96,6.89,CN,2021-01-16 02:05:50
466,Mandla,22.6,80.3833,51.6,40,0,2.73,IN,2021-01-16 02:05:51
467,Walvis Bay,-22.9575,14.5053,71.01,82,63,1.14,NA,2021-01-16 02:05:51
468,Monrovia,6.3005,-10.7969,77.0,94,40,3.74,LR,2021-01-16 02:05:51
469,Phalodi,27.1333,72.3667,54.09,35,0,6.69,IN,2021-01-16 02:05:51
470,Foso,5.7012,-1.2866,73.83,91,12,2.82,GH,2021-01-16 02:05:51
471,Baracoa,20.3467,-74.4958,74.43,76,99,2.08,CU,2021-01-16 02:05:52
472,Izmir,38.4622,27.0923,32.0,93,0,4.81,TR,2021-01-16 02:05:52
473,Buchanan,5.8808,-10.0467,77.0,94,40,6.24,LR,2021-01-16 02:05:32
474,Ambon,-3.6954,128.1814,89.6,62,40,3.44,ID,2021-01-16 02:01:18
475,Kulhudhuffushi,6.6221,73.07,80.78,73,87,10.36,MV,2021-01-16 02:05:52
476,Talnakh,69.4865,88.3972,-34.51,73,0,6.85,RU,2021-01-16 02:05:53
477,Ketou,7.3633,2.5998,74.97,82,1,1.39,BJ,2021-01-16 02:05:53
478,Tazmalt,36.3868,4.3989,43.83,77,62,5.23,DZ,2021-01-16 02:05:53
479,Makakilo City,21.3469,-158.0858,82.4,54,75,12.66,US,2021-01-16 02:01:38
480,Concarneau,47.875,-3.9225,44.6,87,90,6.91,FR,2021-01-16 02:05:53
481,Rawson,-43.3002,-65.1023,61.77,70,99,23.67,AR,2021-01-16 02:05:53
482,Zhezkazgan,47.8043,67.7144,8.02,89,100,11.83,KZ,2021-01-16 02:05:54
483,Oulainen,64.2667,24.8,12.0,91,88,2.3,FI,2021-01-16 02:05:54
484,Kalmunai,7.4167,81.8167,77.83,84,48,5.55,LK,2021-01-16 02:05:54
485,Coruripe,-10.1256,-36.1756,76.48,80,39,9.89,BR,2021-01-16 02:05:54
486,Muroto,33.2833,134.15,55.4,82,75,5.75,JP,2021-01-16 02:05:54
487,Bayshore Gardens,27.4253,-82.5904,64.0,88,90,9.22,US,2021-01-16 02:05:54
488,Ostersund,63.1792,14.6357,17.6,93,49,5.75,SE,2021-01-16 02:05:55
489,Ahuimanu,21.4447,-157.8378,82.4,69,20,6.91,US,2021-01-16 02:05:55
490,Flinders,-34.5833,150.8552,75.0,39,0,4.0,AU,2021-01-16 02:05:55
491,Kroonstad,-27.6504,27.2349,62.87,91,26,4.07,ZA,2021-01-16 02:05:55
492,Butembo,0.15,29.2833,55.9,97,45,3.22,CD,2021-01-16 02:05:55
493,Brae,60.3964,-1.353,42.8,70,90,32.21,GB,2021-01-16 02:05:55
494,Ballina,-28.8667,153.5667,82.4,69,48,13.8,AU,2021-01-16 02:05:56
495,Alghero,40.5589,8.3181,50.0,81,75,8.05,IT,2021-01-16 02:05:56
496,Veinticinco De Mayo,-35.4323,-60.1727,69.01,63,55,3.4,AR,2021-01-16 02:05:56
497,Pafos,34.7667,32.4167,64.4,59,40,12.66,CY,2021-01-16 02:05:57
498,Ust-Kuyga,70.0167,135.6,-28.89,82,96,1.63,RU,2021-01-16 02:05:57
499,Pointe-Noire,-4.7761,11.8635,77.18,82,41,4.47,CG,2021-01-16 02:05:57
500,Prainha,-1.8,-53.48,78.64,68,31,4.85,BR,2021-01-16 02:05:57
501,Prabumulih,-3.45,104.25,79.95,84,95,2.62,ID,2021-01-16 02:05:57
502,Barra Patuca,15.8,-84.2833,76.86,86,70,4.83,HN,2021-01-16 02:05:57
503,Guangyuan,32.442,105.823,50.0,50,100,8.99,CN,2021-01-16 02:05:58
504,Kidal,18.4411,1.4078,63.64,22,72,13.47,ML,2021-01-16 02:05:58
505,Blenheim,-41.516,173.9528,82.0,55,0,5.01,NZ,2021-01-16 02:05:58
506,Bahia Blanca,-38.7196,-62.2724,78.01,25,0,8.86,AR,2021-01-16 02:05:58
507,Seoul,37.5683,126.9778,26.6,63,0,6.91,KR,2021-01-16 02:04:55
508,Hobyo,5.3505,48.5268,77.11,77,100,18.34,SO,2021-01-16 02:05:59
509,Bodden Town,19.2833,-81.25,79.0,83,20,3.44,KY,2021-01-16 02:05:59
510,Mogadishu,2.0371,45.3438,76.32,87,6,18.14,SO,2021-01-16 02:05:59
511,Ranong,9.9658,98.6348,77.0,88,40,2.3,TH,2021-01-16 02:05:59
512,Caravelas,-17.7125,-39.2481,75.52,90,100,6.96,BR,2021-01-16 02:05:59
513,Severo-Yeniseyskiy,60.3725,93.0408,-15.07,89,100,3.65,RU,2021-01-16 02:06:00
514,Coquimbo,-29.9533,-71.3436,59.0,88,0,5.75,CL,2021-01-16 02:06:00
515,Cartagena,10.3997,-75.5144,78.8,89,0,4.61,CO,2021-01-16 02:02:47
516,Dongsheng,39.8161,109.9776,7.21,81,41,12.48,CN,2021-01-16 02:06:00
517,Tolaga Bay,-38.3667,178.3,70.05,66,0,9.42,NZ,2021-01-16 02:06:00
518,Rio Brilhante,-21.8019,-54.5464,73.47,91,71,5.26,BR,2021-01-16 02:06:01
519,Lykhivka,48.6874,33.9228,9.3,94,26,10.25,UA,2021-01-16 02:06:01
520,Maniitsoq,65.4167,-52.9,17.78,84,5,4.72,GL,2021-01-16 02:06:01
521,Lerwick,60.1545,-1.1494,42.8,70,90,32.21,GB,2021-01-16 02:06:01
522,Blairmore,49.6,-114.4353,35.6,64,0,6.91,CA,2021-01-16 02:06:01
523,Kutahya,39.4242,29.9833,19.4,93,20,4.61,TR,2021-01-16 02:06:01
524,Gat,31.61,34.7642,51.01,80,0,1.01,IL,2021-01-16 02:06:02
525,Borgarnes,64.5383,-21.9206,39.2,87,90,8.05,IS,2021-01-16 02:06:02
526,Broken Hill,-31.95,141.4333,64.4,39,68,12.66,AU,2021-01-16 02:06:02
527,Miles City,46.4083,-105.8406,28.4,43,1,6.91,US,2021-01-16 02:04:45
528,Pontal Do Parana,-25.6533,-48.5128,66.0,82,54,24.0,BR,2021-01-16 02:01:50
529,Wolgast,54.05,13.7667,28.0,80,42,7.27,DE,2021-01-16 02:06:03
530,Dukat,62.55,155.55,-34.26,81,88,2.73,RU,2021-01-16 02:06:03
531,Chhatapur,26.2167,87.0167,54.59,64,0,5.12,IN,2021-01-16 02:06:03
532,Sovetskiy,61.3614,63.5842,-11.42,90,0,2.15,RU,2021-01-16 02:06:03
533,Sarakhs,36.5449,61.1577,49.96,43,0,8.93,IR,2021-01-16 02:06:03
